Scent,Scent2,Type,PS3
2 Cereals,Without,Multigrain,Instant Cereals
3 Cereals,Without,Multigrain,Instant Cereals
3 Cereals-Apple-Camomile,Apple,Multigrain,Instant Cereals
3 Cereals-Apple-Pear,Apple-Pear,Multigrain,Instant Cereals
3 Cereals-Banana-Strawberry,Banana-Strawberry,Multigrain,Instant Cereals
3 Cereals-Cookies,Biscuits,Multigrain,Instant Cereals
3 Cereals-Melissa-Raspberry,Raspberry,Multigrain,Instant Cereals
4 Cereals,Without,Multigrain,Instant Cereals
4 Cereals-Apple,Apple,Multigrain,Instant Cereals
4 Cereals-Banana-Cherry,Banana-Cherry,Multigrain,Instant Cereals
4 Cereals-Berry-Muesli,Berry,Multigrain,Instant Cereals
4 Cereals-Cream-Peach,Peach,Multigrain,Instant Cereals
4 Cereals-Prunes-Muesli,Prunes,Multigrain,Instant Cereals
4 Cereals-Rice,Without,Multigrain,Instant Cereals
4 Cereals-Vegetables,Multifruits,Multigrain,Instant Cereals
5 Cereals,Without,Multigrain,Instant Cereals
5 Cereals-5 Fruits,Multifruits,Multigrain,Instant Cereals
5 Cereals-Apple-Banana,Multifruits,Multigrain,Instant Cereals
5 Cereals-Apple-Berry,Multifruits,Multigrain,Instant Cereals
5 Cereals-Apricot-Raspberry,Multifruits,Multigrain,Instant Cereals
5 Cereals-Banana,Multifruits,Multigrain,Instant Cereals
5 Cereals-Biscuits,Multifruits,Multigrain,Instant Cereals
5 Cereals-Cherry-Strawberry,Multifruits,Multigrain,Instant Cereals
5 Cereals-Fruits-Strawberry,Multifruits,Multigrain,Instant Cereals
5 Cereals-Linden Blossom,Multifruits,Multigrain,Instant Cereals
5 Cereals-Plum,Multifruits,Multigrain,Instant Cereals
5 Fruits-Wheat,Multifruits,Wheat,Instant Cereals
7 Cereals,Multifruits,Multigrain,Instant Cereals
7 Cereals-Banana,Multifruits,Multigrain,Instant Cereals
7 Cereals-Bilberry,Multifruits,Multigrain,Instant Cereals
7 Cereals-Melissa,Without,Multigrain,Instant Cereals
8 Cereals,Multifruits,Multigrain,Instant Cereals
8 Cereals-Honey,Multifruits,Multigrain,Instant Cereals
8 Cereals-Yogurt,Multifruits,Multigrain,Instant Cereals
App-Bilberry-Multigrain-Plum-Rasp-Yogurt,Multifruits,Multigrain,Instant Cereals
Apple Banana-Croutons-Milk-Rice,Multifruits,Rice,Instant Cereals
Apple-Apricot-Banana-Corn-Rice,Multifruits,Corn-Rice,Instant Cereals
Apple-Apricot-Buckwheat,Multifruits,Buckwheat,Instant Cereals
Apple-Apricot-Corn-Pumpkin,Multifruits,Corn,Instant Cereals
Apple-Apricot-Oat,Multifruits,Oat,Instant Cereals
Apple-Apricot-Pear,Multifruits,Multigrain,Instant Cereals
Apple-Apricot-Wheat,Multifruits,Wheat,Instant Cereals
Apple-Banana-Buckwheat,Multifruits,Buckwheat,Instant Cereals
Apple-Banana-Corn-Rice,Multifruits,Corn-Rice,Instant Cereals
Apple-Banana-Mannaya-Pear,Multifruits,Mannaya,Instant Cereals
Apple-Banana-Muesli,Multifruits,Multigrain,Instant Cereals
Apple-Banana-Multicereal,Multifruits,Multigrain,Instant Cereals
Apple-Banana-Oat,Multifruits,Oat,Instant Cereals
Apple-Banana-Pear-Rice,Multifruits,Rice,Instant Cereals
Apple-Banana-Wheat,Multifruits,Wheat,Instant Cereals
Apple-Blackcurrant-Bilberry-Oat,Multifruits,Oat,Instant Cereals
Apple-Blackcurrant-Buckwheat-Pear,Multifruits,Buckwheat,Instant Cereals
Apple-Blackcurrant-Raspberry,Multifruits,Multigrain,Instant Cereals
Apple-Buckwheat,Multifruits,Buckwheat,Instant Cereals
Apple-Buckwheat-Carrot,Multifruits,Buckwheat,Instant Cereals
Apple-Buckwheat-Kuraga,Multifruits,Buckwheat,Instant Cereals
Apple-Buckwheat-Prunes,Multifruits,Buckwheat,Instant Cereals
Apple-Buckwheat-Rice,Multifruits,Buckwheat,Instant Cereals
Apple-Carrot-Corn-Rice,Multifruits,Corn-Rice,Instant Cereals
Apple-Carrot-Rice,Multifruits,Rice,Instant Cereals
Apple-Cherry-Cookies-Oat,Multifruits,Oat,Instant Cereals
Apple-Cherry-Multicereal,Multifruits,Multigrain,Instant Cereals
Apple-Cookies-Wheat,Multifruits,Wheat,Instant Cereals
Apple-Corn,Apple,Corn,Instant Cereals
Apple-Corn-Rice,Apple,Corn-Rice,Instant Cereals
Apple-Multicereal,Apple,Multigrain,Instant Cereals
Apple-Multicereal-Peach,Multifruits,Multigrain,Instant Cereals
Apple-Multicereal-Rice,Multifruits,Multigrain,Instant Cereals
Apple-Oat,Apple,Oat,Instant Cereals
Apple-Oat-Pear-Rice,Multifruits,Oat-Rice,Instant Cereals
Apple-Oat-Plum,Multifruits,Oat,Instant Cereals
Apple-Oat-Strawberry,Multifruits,Oat,Instant Cereals
Apple-Oat-Wheat,Apple,Oat-Wheat,Instant Cereals
Apple-Pear-Muesli,Multifruits,Multigrain,Instant Cereals
Apple-Pear-Rice,Multifruits,Rice,Instant Cereals
Apple-Pear-Rice-Wheat,Multifruits,Rice-Wheat,Instant Cereals
Apple-Rice,Apple,Rice,Instant Cereals
Apple-Pumpkin-Rice,Multifruits,Rice,Instant Cereals
Apple-Strawberry-Wheat,Multifruits,Wheat,Instant Cereals
Apple-Wheat,Apple,Wheat,Instant Cereals
Apple-Wheat-Wildstrawberry,Multifruits,Wheat,Instant Cereals
Apricot-Apple-Oat,Multifruits,Oat,Instant Cereals
Apricot-Banana-Wheat,Multifruits,Wheat,Instant Cereals
Apricot-Bilberry-Multicereal-Plum,Multifruits,Multigrain,Instant Cereals
Apricot-Bilberry-Multicereal-Raspberry,Multifruits,Multigrain,Instant Cereals
Apricot-Blackcurrant,Multifruits,Multigrain,Instant Cereals
Apricot-Buckwheat,Apricot,Buckwheat,Instant Cereals
Apricot-Buckwheat-Rice,Apricot,Buckwheat-Rice,Instant Cereals
Apricot-Cherry-Peach-Wheat,Multifruits,Wheat,Instant Cereals
Apricot-Corn,Apricot,Corn,Instant Cereals
Apricot-Corn-Peach-Rice,Multifruits,Corn-Rice,Instant Cereals
Apricot-Honey-Multicereal,Multifruits,Multigrain,Instant Cereals
Apricot-Plum-Rice,Multifruits,Rice,Instant Cereals
Apricot-Prunes-Rice,Multifruits,Rice,Instant Cereals
Apricot-Pumpkin-Rice,Multifruits,Rice,Instant Cereals
Apricot-Rice,Apricot,Rice,Instant Cereals
Apricot-Wheat,Apricot,Wheat,Instant Cereals
Banana,Banana,Multigrain,Instant Cereals
Banana-Blackcurrant-Wheat,Multifruits,Wheat,Instant Cereals
Banana-Cherry-Corn-Peach-Wheat,Multifruits,Corn-Wheat,Instant Cereals
Banana-Cherry-Rice,Banana-Cherry,Rice,Instant Cereals
Banana-Corn-Pear-Rice,Banana-Pear,Corn-Rice,Instant Cereals
Banana-Corn-Rice,Banana,Corn-Rice,Instant Cereals
Banana-Multicereal,Banana,Multigrain,Instant Cereals
Banana-Multicereal-Strawberry-Yogurt,Banana-Strawberry,Multigrain,Instant Cereals
Banana-Oat,Banana,Oat,Instant Cereals
Banana-Oat-Pear,Banana-Pear,Oat,Instant Cereals
Banana-Pear-Oat,Banana-Pear,Oat,Instant Cereals
Banana-Rice,Banana,Rice,Instant Cereals
Banana-Strawberry-Multicereal,Banana-Strawberry,Multigrain,Instant Cereals
Banana-Wheat,Banana,Wheat,Instant Cereals
Berry-Muesli,Berry,Multigrain,Instant Cereals
Berry-Wheat,Berry,Wheat,Instant Cereals
Bilberry-Multicereal,Bilberry,Multigrain,Instant Cereals
Biscuits,Biscuits,Multigrain,Instant Cereals
Blackberry-Cookies-Rice,Blackberry,Rice,Instant Cereals
Blackcurrant-Carrot-Cherry-Plum,Multifruits,Multigrain,Instant Cereals
Blackcurrant-Cookies-Oat,Blackcurrant,Oat,Instant Cereals
Broccoli-Marrow-Oat,Broccoli-Marrow,Oat,Instant Cereals
Buckwheat,Without,Buckwheat,Instant Cereals
Buckwheat-Corn-Oat-Rice,Without,Multigrain,Instant Cereals
Buckwheat-Fruits,Multifruits,Buckwheat,Instant Cereals
Buckwheat-Kuraga,Multifruits,Buckwheat,Instant Cereals
Buckwheat-Omega 3,Multifruits,Buckwheat,Instant Cereals
Buckwheat-Pear,Multifruits,Buckwheat,Instant Cereals
Buckwheat-Prunes,Multifruits,Buckwheat,Instant Cereals
Buckwheat-Prunes-Rice,Multifruits,Buckwheat-Rice,Instant Cereals
Buckwheat-Rice,Multifruits,Buckwheat-Rice,Instant Cereals
Carrot-Corn-Pumpkin,Multifruits,Corn,Instant Cereals
Carrot-Cereals-Pumpkin,Multifruits,Multigrain,Instant Cereals
Cereals-Prunes,Multifruits,Multigrain,Instant Cereals
Cereals-Vegetables,Multifruits,Multigrain,Instant Cereals
Cherry-Cereals-Raspberry,Multifruits,Multigrain,Instant Cereals
Cherry-Cookies-Raspberry-Wheat,Multifruits,Wheat,Instant Cereals
Chocolate-Wheat,Multifruits,Wheat,Instant Cereals
Cookies,Multifruits,Multigrain,Instant Cereals
Cookies-Milk,Multifruits,Multigrain,Instant Cereals
Cookies-Multicereal,Multifruits,Multigrain,Instant Cereals
Cookies-Pear-Wheat,Multifruits,Wheat,Instant Cereals
Cookies-Wheat,Multifruits,Wheat,Instant Cereals
Corn,Multifruits,Corn,Instant Cereals
Corn-Dried Apricots,Multifruits,Corn,Instant Cereals
Corn-Fruits,Multifruits,Corn,Instant Cereals
Corn-Fruits-Rice,Multifruits,Corn-Rice,Instant Cereals
Corn-Goat Milk,Without,Corn,Instant Cereals
Corn-Oat-Pear,Multifruits,Corn-Oat,Instant Cereals
Corn-Pumpkin-Wheat,Multifruits,Corn-Wheat,Instant Cereals
Corn-Rice,Multifruits,Corn-Rice,Instant Cereals
Corn-Rice-Vanilla,Multifruits,Corn-Rice,Instant Cereals
Corn-Wheat,Multifruits,Corn-Wheat,Instant Cereals
Crackers-Pear,Multifruits,Multigrain,Instant Cereals
Cranberry-Oat,Multifruits,Oat,Instant Cereals
Dried Apricots-Rice,Multifruits,Rice,Instant Cereals
Forest Berries-Oat,Multifruits,Oat,Instant Cereals
Fruit-Rice-Wheat Crackers,Multifruits,Rice,Instant Cereals
Fruits-Mannaya,Multifruits,Mannaya,Instant Cereals
Fruits-Muesli,Multifruits,Multigrain,Instant Cereals
Fruits-Multicereal,Multifruits,Multigrain,Instant Cereals
Fruits-Oat,Multifruits,Oat,Instant Cereals
Fruits-Oat-Wheat,Multifruits,Oat-Wheat,Instant Cereals
Fruits-Rice,Multifruits,Rice,Instant Cereals
Fruits-Rice-Wheat,Multifruits,Rice-Wheat,Instant Cereals
Fruits-Wheat,Multifruits,Wheat,Instant Cereals
Fruits-Wheat-Yogurt,Multifruits,Wheat,Instant Cereals
Goat Milk-Buckwheat,Without,Buckwheat,Instant Cereals
Goat Milk-Oat,Without,Oat,Instant Cereals
Goat Milk-Rice,Without,Rice,Instant Cereals
Grape-Wheat,Grape,Wheat,Instant Cereals
Hazelnut-Rice,Hazelnut,Rice,Instant Cereals
Honey-Mannaya,Honey,Mannaya,Instant Cereals
Honey-Wheat,Honey,Wheat,Instant Cereals
Kuraga-Oat,Kuraga,Oat,Instant Cereals
Kuraga-Rice,Kuraga,Rice,Instant Cereals
Kuraga-Rice-Muesli,Kuraga,Rice,Instant Cereals
Locust Beans-Rice,Locust Beans,Rice,Instant Cereals
Mannaya,Without,Mannaya,Instant Cereals
Mannaya-Vanilla,Without,Mannaya,Instant Cereals
Marrow-Rice-Wheat,Marrow,Rice-Wheat,Instant Cereals
Melissa,Melissa,Multigrain,Instant Cereals
Melissa-Multicereal,Melissa,Multigrain,Instant Cereals
Melissa-Oat,Melissa,Oat,Instant Cereals
Millet-Oat-Rice-Wheat,Without,Multigrain,Instant Cereals
Millet-Pumpkin,Pumpkin,Millet,Instant Cereals
Multicereal,Without,Multigrain,Instant Cereals
Multicereal-Peach-Pear,Peach-Pear,Multigrain,Instant Cereals
Multicereal-Pumpkin,Pumpkin,Multigrain,Instant Cereals
N/S,Other,Other,Instant Cereals
Oat,Without,Oat,Instant Cereals
Oat-Peach,Peach,Oat,Instant Cereals
Oat-Plums,Plum,Oat,Instant Cereals
Oat-Prunes-Wheat,Prunes,Oat-Wheat,Instant Cereals
Pear-Wheat,Pear,Wheat,Instant Cereals
Plody Rozhkovogo Dereva,Plody Rozhkovogo Dereva,Rice,Instant Cereals
Plum-Rice,Plum,Rice,Instant Cereals
Prunes-Muesli,Prunes,Rice,Instant Cereals
Pumpkin-Rice,Pumpkin,Rice,Instant Cereals
Pumpkin-Wheat,Pumpkin,Wheat,Instant Cereals
Raspberry-Rice,Raspberry,Rice,Instant Cereals
Rice,Without,Rice,Instant Cereals
Rice-Strawberry-Yogurt,Strawberry,Rice,Instant Cereals
Vanilla-Wheat-White Chocolate,Chocolate,Wheat,Instant Cereals
Wheat,Without,Wheat,Instant Cereals
Wheat Cookies,Without,Wheat,Instant Cereals
3 Cereals-Apple-Banana,Apple-Banana,Duo,Fruits
3 Cereals-Banana-Peach,Banana-Peach,Duo,Fruits
4 Cereals-Apple,Apple,Mono,Fruits
4 Cereals-Banana-Blueberry,Banana-Blueberry,Duo,Fruits
Appl+appl-Cotchees+aprict+peach-Cotchees,Fruits,Multi,Fruits
Appl-Aprict+appl-Pear+appl-Quince-Carrot,Fruits,Multi,Fruits
Apple,Apple,Mono,Fruits
Apple-Apricot,Apple-Apricot,Duo,Fruits
Apple-Apricot-Banana,Apple-Apricot-Banana,Multi,Fruits
Apple-Apricot-Banana-Fruit Salad,Apple-Apricot-Banana,Multi,Fruits
Apple-Apricot-Cottage Cheese,Apple-Apricot,Duo,Fruits
Apple-Apricot-Cream,Apple-Apricot,Duo,Fruits
Apple-Apricot-Cream-Mannaya,Apple-Apricot,Duo,Fruits
Apple-Apricot-Grape-Yoghurt,Apple-Apricot-Grape,Multi,Fruits
Apple-Apricot-Peach,Apple-Apricot-Peach,Multi,Fruits
Apple-Apricot-Pumpkin,Apple-Apricot-Pumpkin,Multi,Fruits
Apple-Apricot-Serum,Apple-Apricot,Multi,Fruits
Apple-Apricot-Yoghurt,Apple-Apricot,Duo,Fruits
Apple-Banana,Apple-Banana,Duo,Fruits
Apple-Banana-Bilberry,Apple-Banana-Bilberry,Multi,Fruits
Apple-Banana-Bilberry-Blackcurrant,Apple-Banana-Bilberry-Blackcurrant,Multi,Fruits
Apple-Banana-Cereals,Apple-Banana,Duo,Fruits
Apple-Banana-Cereals-Raspberry,Apple-Banana-Raspberry,Multi,Fruits
Apple-Banana-Cookies,Apple-Banana,Duo,Fruits
Apple-Banana-Cottage Cheese,Apple-Banana,Duo,Fruits
Apple-Banana-Cottage Cheese-Orange,Apple-Banana-Orange,Multi,Fruits
Apple-Banana-Cottage Cheese-Plum,Apple-Banana-Plum,Multi,Fruits
Apple-Banana-Cream,Apple-Banana,Duo,Fruits
Apple-Banana-Cream-Peach,Apple-Banana-Peach,Multi,Fruits
Apple-Banana-Cream-Strawberry,Apple-Banana-Strawberry,Multi,Fruits
Apple-Banana-Crunches,Apple-Banana,Duo,Fruits
Apple-Banana-Goat Cream-Strawberry,Apple-Banana-Strawberry,Multi,Fruits
Apple-Banana-Mango,Apple-Banana-Mango,Multi,Fruits
Apple-Banana-Orange,Apple-Banana-Orange,Multi,Fruits
Apple-Banana-Peach,Apple-Banana-Peach,Multi,Fruits
Apple-Banana-Pear,Apple-Banana-Pear,Multi,Fruits
Apple-Banana-Rice,Apple-Banana,Duo,Fruits
Apple-Banana-Strawberry,Apple-Banana-Strawberry,Multi,Fruits
Apple-Banana-Yogurt,Apple-Banana,Duo,Fruits
Apple-Beetroot-Carrot,Apple-Beetroot-Carrot,Multi,Fruits
Apple-Berry-Bilberry- Fruit-Strawberry,Apple-Berry-Bilberry-Strawberry,Multi,Fruits
Apple-Bilberry,Apple-Bilberry,Duo,Fruits
Apple-Bilberry-Oat,Apple-Bilberry,Duo,Fruits
Apple-Bilberry-Pear-Raspberry,Apple-Bilberry-Pear-Raspberry,Multi,Fruits
Apple-Bilberry-Strawberry,Apple-Bilberry-Strawberry,Multi,Fruits
Apple-Biscuit-Yoghurt,Apple,Mono,Fruits
Apple-Blackberry,Apple-Blackberry,Duo,Fruits
Apple-Blackcurrant,Apple-Blackcurrant,Duo,Fruits
Apple-Blackcurrant-Cottage Cheese,Apple-Blackcurrant,Duo,Fruits
Apple-Blueberry,Apple-Blueberry,Duo,Fruits
Apple-Carrot,Apple-Carrot,Duo,Fruits
Apple-Carrot-Cream,Apple-Carrot,Duo,Fruits
Apple-Carrot-Grape,Apple-Carrot-Grape,Multi,Fruits
Apple-Carrot-Plum,Apple-Carrot-Plum,Multi,Fruits
Apple-Carrot-Pumpkin,Apple-Carrot-Pumpkin,Multi,Fruits
Apple-Carrot-Quince,Apple-Carrot-Quince,Multi,Fruits
Apple-Cereals-Grape,Apple-Grape,Duo,Fruits
Apple-Cherry,Apple-Cherry,Duo,Fruits
Apple-Cottage Cheese,Apple,Mono,Fruits
Apple-Cottage Cheese-Grape,Apple-Grape,Duo,Fruits
Apple-Cottage Cheese-Mango-Peach,Apple-Mango-Peach,Multi,Fruits
Apple-Cottage Cheese-Peach,Apple-Peach,Duo,Fruits
Apple-Cottage Cheese-Peach-Pear,Apple-Peach-Pear,Multi,Fruits
Apple-Cottage Cheese-Plum,Apple-Plum,Duo,Fruits
Apple-Cottage Cheese-Strawberry,Apple-Strawberry,Duo,Fruits
Apple-Cream,Apple,Mono,Fruits
Apple-Cream-Mannaya-Strawberry,Apple-Strawberry,Duo,Fruits
Apple-Cream-Peach,Apple-Peach,Duo,Fruits
Apple-Cream-Pear,Apple-Pear,Duo,Fruits
Apple-Cream-Pear-Plum,Apple-Pear-Plum,Multi,Fruits
Apple-Cream-Pumpkin,Apple-Pumpkin,Duo,Fruits
Apple-Cream-Roseship,Apple-Roseship,Duo,Fruits
Apple-Cream-Strawberry,Apple-Strawberry,Duo,Fruits
Apple-Forest Berries,Apple-Forest Berries,Duo,Fruits
Apple-Forest Berries-Goat's Cream,Apple-Forest Berries,Duo,Fruits
Apple-Forest Berries-Serum,Apple-Forest Berries,Duo,Fruits
Apple-Fruits-Peach,Fruits,Multi,Fruits
Apple-Fruits-Pineapple,Fruits,Multi,Fruits
Apple-Honey,Apple,Mono,Fruits
Apple-Mango,Apple-Mango,Duo,Fruits
Apple-Mango With Pulp-Goat's Cream,Apple-Mango,Duo,Fruits
Apple-Mango-Peach,Apple-Mango-Peach,Multi,Fruits
Apple-Oat,Apple,Mono,Fruits
Apple-Peach,Apple-Peach,Duo,Fruits
Apple-Peach-Cream,Apple-Peach,Duo,Fruits
Apple-Peach-Pear,Apple-Peach-Pear,Multi,Fruits
Apple-Peach-Wildberry,Apple-Peach-Wildberry,Multi,Fruits
Apple-Peach-Yoghurt,Apple-Peach,Duo,Fruits
Apple-Pear,Apple-Pear,Duo,Fruits
Apple-Pear-Plum,Apple-Pear-Plum,Multi,Fruits
Apple-Pear-Quince,Apple-Pear-Quince,Multi,Fruits
Apple-Plum,Apple-Plum,Duo,Fruits
Apple-Prunes,Apple-Plum,Duo,Fruits
Apple-Pumpkin,Apple-Pumpkin,Duo,Fruits
Apple-Pumpkin-Quince,Apple-Pumpkin-Quince,Multi,Fruits
Apple-Pumpkin-Rice,Apple-Pumpkin,Duo,Fruits
Apple-Raspberry,Apple-Raspberry,Duo,Fruits
Apple-Redcurrant,Apple-Redcurrant,Duo,Fruits
Apple-Rice-Roseship,Apple,Mono,Fruits
Apple-Roseship,Apple,Mono,Fruits
Apple-Serum,Apple,Mono,Fruits
Apple-Strawberry,Apple-Strawberry,Duo,Fruits
Apple-Vanilla,Apple,Mono,Fruits
Apple-Yoghurt,Apple,Mono,Fruits
Apricot,Apricot,Mono,Fruits
Apricot-Banana,Apricot-Banana,Duo,Fruits
Apricot-Cottage Cheese,Apricot,Mono,Fruits
Apricot-Cream,Apricot,Mono,Fruits
Apricot-Kiwi-Pear,Apricot-Kiwi-Pear,Multi,Fruits
Apricot-Peach-Curd Cream,Apricot-Peach,Duo,Fruits
Apricot-Pear,Apricot-Pear,Duo,Fruits
Apricot-Yoghurt,Apricot,Mono,Fruits
Banana,Banana,Mono,Fruits
Banana-Bilberry-Yoghurt,Banana-Bilberry,Duo,Fruits
Banana-Blueberry-Apple,Banana-Blueberry-Apple,Multi,Fruits
Banana-Cereals,Banana,Mono,Fruits
Banana-Cherry,Banana-Cherry,Duo,Fruits
Banana-Cottage Cheese,Banana,Mono,Fruits
Banana-Cottage Cheese-Pear,Banana-Pear,Duo,Fruits
Banana-Cream,Banana,Mono,Fruits
Banana-Cream-Raspberry,Banana-Raspberry,Duo,Fruits
Banana-Goosberry-Pear,Banana-Gooseberry-Pear,Multi,Fruits
Banana-Kiwi-Pear,Banana-Kiwi-Pear,Multi,Fruits
Banana-Mango,Banana-Mango,Duo,Fruits
Banana-Mango-Pear,Banana-Mango-Pear,Multi,Fruits
Banana-Mango-Quince,Banana-Mango-Quince,Multi,Fruits
Banana-Peach,Banana-Peach,Duo,Fruits
Banana-Pear,Banana-Pear,Duo,Fruits
Banana-Pear-Kiwi,Banana-Pear-Kiwi,Multi,Fruits
Banana-Pear-Yoghurt,Banana-Pear,Duo,Fruits
Banana-Strawberry-Yoghurt,Banana-Strawberry,Duo,Fruits
Banana-Vitamin C,Banana,Mono,Fruits
Banana-Yoghurt,Banana,Mono,Fruits
Berry Salad,Berry,Multi,Fruits
Berry-Fruits,Fruits,Multi,Fruits
Berry-Yogurt,Berry,Mono,Fruits
Bilberry,Bilberry,Mono,Fruits
Bilberry-Cookies-Pear,Bilberry-Pear,Duo,Fruits
Bilberry-Cottage Cheese,Bilberry,Mono,Fruits
Bilberry-Raspberry-Yoghurt,Bilberry-Raspberry,Duo,Fruits
Biscuits-Fruits,Fruits,Multi,Fruits
Blackcurrant-Pear-Plum,Blackcurrant-Pear-Plum,Multi,Fruits
Cereals Cookies- Fruits,Fruits,Multi,Fruits
Cereals-Fruits,Fruits,Multi,Fruits
Cereals-Fruits-Yogurt,Fruits,Multi,Fruits
Cereals-Pear,Pear,Mono,Fruits
Cereals-Strawberry-Yogurt,Strawberry,Mono,Fruits
Cherry-Cream-Peach,Cherry-Peach,Duo,Fruits
Cookies-Fruits,Fruits,Multi,Fruits
Cottage Cheese-Peach,Peach,Mono,Fruits
Cottage Cheese-Pear,Pear,Mono,Fruits
Cottage Cheese-Prunes,Plum,Mono,Fruits
Cottage Cheese-Strawberry,Strawberry,Mono,Fruits
Cream-Forest Berries,Forest Berries,Multi,Fruits
Cream-Peach,Peach,Mono,Fruits
Cream-Pear,Pear,Mono,Fruits
Cream-Strawberry,Strawberry,Mono,Fruits
Desert,Fruits,Multi,Fruits
Dried Fruits,Fruits,Multi,Fruits
Fruit Salad,Fruits,Multi,Fruits
Fruits,Fruits,Multi,Fruits
Fruits-Mannaya,Fruits,Multi,Fruits
Fruits-Muesli,Fruits,Multi,Fruits
Fruits-Yoghurt,Fruits,Multi,Fruits
Goat Cream-Fruits,Fruits,Multi,Fruits
Mango,Mango,Mono,Fruits
Mango-Pear,Mango-Pear,Duo,Fruits
Marakuya-Peach-Yogurt,Marakuya-Peach,Duo,Fruits
Marrow,Marrow,Mono,Fruits
Multifruit,Fruits,Multi,Fruits
Oat-Peach,Peach,Mono,Fruits
Oat-Pear,Pear,Mono,Fruits
Peach,Peach,Mono,Fruits
Peach-Pear,Peach-Pear,Duo,Fruits
Peach-Rice,Peach,Mono,Fruits
Pear,Pear,Mono,Fruits
Pear Williams,Pear,Mono,Fruits
Pear-Prunes,Pear-Prunes,Duo,Fruits
Pear-Yoghurt,Pear,Mono,Fruits
Plum,Plum,Mono,Fruits
Prunes,Prunes,Mono,Fruits
Raspberry,Raspberry,Mono,Fruits
Strawberry,Strawberry,Mono,Fruits
Vitamin Salad,Fruits,Multi,Fruits
Apple-Apricot-Carrot,Apple-Apricot-Carrot,Multi,Savoury Meal
Apple-Apricot-Pumpkin,Apple-Apricot-Pumpkin,Multi,Savoury Meal
Apple-Carrot,Apple-Carrot,Duo,Savoury Meal
Apple-Carrot-Pumpkin,Apple-Carrot-Pumpkin,Multi,Savoury Meal
Apple-Marrow,Apple-Marrow,Duo,Savoury Meal
Apple-Marrow-Oat,Apple-Marrow,Duo,Savoury Meal
Apple-Pumpkin,Apple-Pumpkin,Duo,Savoury Meal
Beef,Beef,Mono,Savoury Meal
Beef Meatballs,Beef,Mono,Savoury Meal
Beef Meatballs-Vegetables,Beef,Complete Meal,Savoury Meal
Beef-Beetroot-Potato,Beef,Complete Meal,Savoury Meal
Beef-Biscuits,Beef,Mono,Savoury Meal
Beef-Broccoli-Carrot-Rice,Beef,Complete Meal,Savoury Meal
Beef-Broccoli-Cauliflower-Potato,Beef,Complete Meal,Savoury Meal
Beef-Buckwheat,Beef,Mono,Savoury Meal
Beef-Carrot,Beef,Complete Meal,Savoury Meal
Beef-Carrot-Potatoes,Beef,Complete Meal,Savoury Meal
Beef-Carrot-Pumpkin,Beef,Complete Meal,Savoury Meal
Beef-Cauliflower,Beef,Complete Meal,Savoury Meal
Beef-Chicken,Beef-Chicken,Duo,Savoury Meal
Beef-Chicken-Heart,Beef-Chicken-Heart,Multi,Savoury Meal
Beef-Heart,Beef-Heart,Duo,Savoury Meal
Beef-Liver,Beef-Liver,Duo,Savoury Meal
Beef-Liver-Vegetables,Beef-Liver,Complete Meal,Savoury Meal
Beef-Marrow,Beef,Complete Meal,Savoury Meal
Beef-Potato,Beef,Complete Meal,Savoury Meal
Beef-Pumpkin,Beef,Complete Meal,Savoury Meal
Beef-Rice,Beef,Mono,Savoury Meal
Beef-Seaweed,Beef,Duo,Savoury Meal
Beefstroganoff-Rice-Vegetables,Beef,Complete Meal,Savoury Meal
Beef-Turkey,Beef-Turkey,Duo,Savoury Meal
Beef-Vegetables,Beef,Complete Meal,Savoury Meal
Beef-Yazyk,Beef-Yazyk,Duo,Savoury Meal
Bolon'eze-Pasta,Bolon'eze-Pasta,Complete Meal,Savoury Meal
Broccoli,Broccoli,Mono,Savoury Meal
Broccoli-Cream-Fish-Pasta,Fish,Complete Meal,Savoury Meal
Broccoli-Cream-Pasta,Broccoli,Complete Meal,Savoury Meal
Broccoli-Marrow,Broccoli-Marrow,Duo,Savoury Meal
Broccoli-Marrow-Parsnip-Pumpkin,Broccoli-Marrow-Parsnip-Pumpkin,Multi,Savoury Meal
Broccoli-Potato,Broccoli-Potato,Duo,Savoury Meal
Broccoli-Pumpkin,Broccoli-Pumpkin,Duo,Savoury Meal
Broccoli-Rabbit-Rice,Rabbit,Mono,Savoury Meal
Broccoli-Rice,Broccoli,Mono,Savoury Meal
Broccoli-Turkey,Turkey,Duo,Savoury Meal
Broccoli-Vegetables,Vegetables,Multi,Savoury Meal
Buckwheat-Chicken,Chicken,Mono,Savoury Meal
Buckwheat-Green Vegetables,Vegetables,Multi,Savoury Meal
Buckwheat-Pumpkin,Pumpkin,Mono,Savoury Meal
Carrot,Carrot,Mono,Savoury Meal
Carrot-Cauliflower-Potato,Carrot-Cauliflower-Potato,Complete Meal,Savoury Meal
Carrot-Chicken,Carrot,Complete Meal,Savoury Meal
Carrot-Chicken-Potatoes,Chicken,Complete Meal,Savoury Meal
Carrot-Chicken-Rice,Chicken,Complete Meal,Savoury Meal
Carrot-Lamb,Lamb,Complete Meal,Savoury Meal
Carrot-Marrow-Potatoes,Carrot-Marrow-Potatoes,Multi,Savoury Meal
Carrot-Potatoes,Carrot-Potatoes,Duo,Savoury Meal
Carrot-Potatoes-Salmon,Fish,Complete Meal,Savoury Meal
Carrot-Potatoes-Veal,Veal,Complete Meal,Savoury Meal
Carrot-Turkey-Rice,Turkey,Complete Meal,Savoury Meal
Cauliflower,Cauliflower,Mono,Savoury Meal
Cauliflower-Beef-Broccoli,Beef,Complete Meal,Savoury Meal
Cauliflower-Broccoli-Marrow,Cauliflower-Broccoli-Marrow,Multi,Savoury Meal
Cauliflower-Potato,Cauliflower-Potato,Duo,Savoury Meal
Cauliflower-Rabbit,Rabbit,Complete Meal,Savoury Meal
Cauliflower-Vegetables,Cauliflower-Vegetables,Multi,Savoury Meal
Cheese-Pasta-Tomato Sous-Vegetabl,Vegetables,Multi,Savoury Meal
Cheese-Pasta-Tomato Sous-Vegetable,Vegetables,Multi,Savoury Meal
Chicken,Chicken,Mono,Savoury Meal
Chicken Meatballs,Chicken,Mono,Savoury Meal
Chicken-Liver-Pork,Chicken-Liver-Pork,Multi,Savoury Meal
Chicken-Marrow-Rice,Chicken,Complete Meal,Savoury Meal
Chicken-Pasta,Chicken,Complete Meal,Savoury Meal
Chicken-Potato-Tomato,Chicken,Complete Meal,Savoury Meal
Chicken-Potato-Vegetables,Chicken,Complete Meal,Savoury Meal
Chicken-Pumpkin,Chicken,Complete Meal,Savoury Meal
Chicken-Pumpkin-Rice,Chicken,Complete Meal,Savoury Meal
Chicken-Rice,Chicken,Mono,Savoury Meal
Chicken-Rice-Vegetables,Chicken,Complete Meal,Savoury Meal
Chicken-Veal,Chicken-Veal,Duo,Savoury Meal
Chicken-Vegetables,Chicken,Complete Meal,Savoury Meal
Codfish-Noodles-Vegetables,Fish,Complete Meal,Savoury Meal
Codfish-Potato,Fish,Complete Meal,Savoury Meal
Codfish-Shrimp Sauce,Fish,Complete Meal,Savoury Meal
Codfish-Vegetables,Fish,Complete Meal,Savoury Meal
Corn,Corn,Mono,Savoury Meal
Corn-Potato,Corn-Potato,Duo,Savoury Meal
Cream-Broccoli-Pasta-Sea Fish,Fish,Complete Meal,Savoury Meal
Cream-Codfish-Potato,Fish,Complete Meal,Savoury Meal
Cream-Potato-Salmon,Fish,Complete Meal,Savoury Meal
Cream-Rabbit-Vegetables,Rabbit,Complete Meal,Savoury Meal
Fennel-Potato-Rabbit,Rabbit,Complete Meal,Savoury Meal
Fennel-Turkey,Turkey,Complete Meal,Savoury Meal
Figurki,Other,Other,Savoury Meal
Fish,Fish,Mono,Savoury Meal
Fish-Potato,Fish,Complete Meal,Savoury Meal
Flatfish-Potato,Fish,Complete Meal,Savoury Meal
Green Peas,Green Peas,Mono,Savoury Meal
Grilled Vegetables-Rice-Turkey,Turkey,Complete Meal,Savoury Meal
Hake-Potato,Hake,Complete Meal,Savoury Meal
Ham-Pasta-Vegetables,Ham,Complete Meal,Savoury Meal
Ham-Vegetables,Ham,Complete Meal,Savoury Meal
Haricot-Potato-Rabbit,Rabbit,Complete Meal,Savoury Meal
Italian,Other,Multi,Savoury Meal
Lamb-Vegetables,Lamb,Complete Meal,Savoury Meal
Liver-Pork,Liver-Pork,Duo,Savoury Meal
Liver-Turkey,Turkey-Liver,Duo,Savoury Meal
Liver-Veal-Vegetables,Veal-Liver,Complete Meal,Savoury Meal
Marrow,Marrow,Mono,Savoury Meal
Marrow-Milk,Marrow-Milk,Mono,Savoury Meal
Marrow-Potato,Marrow-Potato,Duo,Savoury Meal
Meatballs-Vegetables,Meat,Complete Meal,Savoury Meal
Meat-Pasta,Meat,Complete Meal,Savoury Meal
Meat-Vegetables,Meat,Complete Meal,Savoury Meal
Milk-Pumpkin-Rice,Pumpkin-Milk,Complete Meal,Savoury Meal
N/S,Other,Multi,Savoury Meal
Parsnip,Parsnip,Mono,Savoury Meal
Pasta-Tomato-Veal,Veal,Complete Meal,Savoury Meal
Pollack-Rice-Vegatables,Fish,Complete Meal,Savoury Meal
Pork,Pork,Mono,Savoury Meal
Potatoes-Spinach,Potatoes-Spinach,Duo,Savoury Meal
Potatoes-Tuna-Vegetables,Fish,Complete Meal,Savoury Meal
Potatoes-Veal-Vegetables,Veal,Complete Meal,Savoury Meal
Potato-Pumpkin,Potato-Pumpkin,Duo,Savoury Meal
Potato-Rabbit,Rabbit,Complete Meal,Savoury Meal
Potato-Rabbit-Spinach,Rabbit,Complete Meal,Savoury Meal
Potato-Salmon,Fish,Complete Meal,Savoury Meal
Potato-Trout,Fish,Complete Meal,Savoury Meal
Potato-Turkey,Turkey,Complete Meal,Savoury Meal
Potato-Turkey-Vegetables,Turkey,Complete Meal,Savoury Meal
Potato-Veal-Vegetables,Veal,Complete Meal,Savoury Meal
Potato-Whiting,Potatoes,Mono,Savoury Meal
Pumpkin,Pumpkin,Mono,Savoury Meal
Pumpkin-Turkey,Turkey,Complete Meal,Savoury Meal
Rabbit,Rabbit,Mono,Savoury Meal
Rabbit Meatballs,Rabbit,Mono,Savoury Meal
Rabbit-Vegetables,Rabbit,Complete Meal,Savoury Meal
Raspberry-Rice-Zucchini,Raspberry,Duo,Savoury Meal
Rice-Salmon-Vegetables,Fish,Complete Meal,Savoury Meal
Rice-Spinach,Spinach,Complete Meal,Savoury Meal
Rice-Turkey,Turkey,Mono,Savoury Meal
Rice-Turkey-Vegetables,Turkey,Complete Meal,Savoury Meal
Rice-Veal-Vegetables,Veal,Complete Meal,Savoury Meal
Salmon-Vegetables,Fish,Complete Meal,Savoury Meal
Sea Fish-Vegetables,Fish,Complete Meal,Savoury Meal
Sweet Vegetables,Vegetables,Multi,Savoury Meal
Trout-Vegetables,Fish,Complete Meal,Savoury Meal
Turkey,Turkey,Mono,Savoury Meal
Turkey Meatballs,Turkey,Mono,Savoury Meal
Turkey Meatballs-Vegetables,Turkey,Complete Meal,Savoury Meal
Turkey-Vegetables,Turkey,Complete Meal,Savoury Meal
Turkey-Yazyk,Turkey,Duo,Savoury Meal
Veal,Veal,Mono,Savoury Meal
Veal Meatballs,Veal,Mono,Savoury Meal
Veal-Vegetables,Veal,Complete Meal,Savoury Meal
Vegetable Salad,Vegetables,Complete Meal,Savoury Meal
Vegetables,Vegetables,Multi,Savoury Meal
White Carrot,Carrot,Mono,Savoury Meal
Zvezdochki,Other,Other,Savoury Meal
Apple-Banana-Raspberry,Apple-Banana-Raspberry,Multi,Fruits
Cereals Cookies-Fruits,Fruits,Multi,Fruits
Apple-Berry-Bilberry-Fruit-Strawberry,Apple-Berry-Bilberry-Strawberry,Multi,Fruits
